sname; sclass; maker_race; sprice; weapon_count; turret_count; shield_count; hull; mass; cargobay_max; engine_count; hull_drag_forward; hull_drag_reverse; hull_drag_pitch; hull_drag_yaw; hull_drag_roll; crew; dock_count; hangar_count; dlc; role; shield_strength; max_forward_speed; thruster_pitch_steering; max_forward_acceleration; max_travel_speed; thruster_yaw_steering; thruster_pitch_steering; thruster_roll_steering; thruster_total_steering; 
Albatross Sentinel; xl; arg; 10948470; 0; 8; 2; 138000; 1180.964; 50; 2; 316.193; 1264.772; 936.193; 936.193; 936.193; 182; 2; 50; 0; builder; 258962; 70.1; 18.8; 2171.8; 1.6; 1.2; 1.3; 1.3666666666666665; 
Albatross Vanguard; xl; arg; 9123765; 0; 8; 2; 115000; 984.137; 50; 2; 276.827; 1107.31; 896.827; 896.827; 896.827; 219; 2; 50; 0; builder; 258962; 80; 22.5; 2480.7; 1.7; 1.2; 1.3; 1.4000000000000001; 
Alligator (Gas); m; split; 212670; 0; 2; 1; 4300; 33.07; 7600; 2; 4.042; 23.096; 10.767; 10.767; 10.767; 8; 0; 0; 1; miner; 4375; 669.5; 81.8; 3347.4; 29.7; 27.6; 38.1; 31.8; 
Alligator (Mineral); m; split; 236300; 2; 2; 1; 4800; 36.617; 7000; 2; 4.375; 24.998; 11.654; 11.654; 11.654; 8; 0; 0; 1; miner; 4375; 618.5; 73.9; 3092.6; 27.5; 25.5; 35.2; 29.400000000000002; 
Ares; s; paranid; 243540; 4; 0; 3; 4700; 12.038; 270; 3; 8.258; 40.892; 4.699; 4.699; 4.699; 2; 0; 0; 0; military; 2235; 148.2; 101.7; 1926.9; 39.2; 36.4; 50.2; 41.93333333333333; 
Asgard; xl; terran; 26179920; 3; 22; 4; 275000; 487.388; 9000; 1; 133.108; 532.433; 717.73; 717.73; 717.73; 360; 4; 40; 2; military; 543820; 70.7; 19.3; 2334.2; 2.1; 1.6; 1.7; 1.8; 
Asp; s; split; 255275; 3; 0; 1; 4600; 6.843; 170; 2; 3.52; 10.256; 3.404; 3.404; 3.404; 2; 0; 0; 1; military; 703; 304; 156.4; 2431.8; 54.1; 50.2; 69.3; 57.866666666666674; 
Asp Raider; s; split; 123940; 3; 0; 1; 1800; 4.106; 100; 2; 3.346; 7.518; 2.549; 2.549; 2.549; 1; 0; 0; 1; military; 703; 319.8; 260.6; 2558.3; 72.2; 67.1; 92.6; 77.3; 
Astrid; m; argon; 2170000; 2; 6; 1; 4000; 30.969; 4300; 1; 3.155; 8.833; 10.242; 10.242; 10.242; 16; 0; 0; 3; ; 5147; 317.6; 32.4; 2858.3; 31.2; 29; 40.1; 33.43333333333334; 
Atlas E; xl; par; 15457615; 0; 8; 2; 164000; 1256.778; 34040; 3; 310.646; 1242.584; 931.356; 931.356; 931.356; 258; 10; 24; 0; resupplier; 233064; 110.2; 27.2; 3194.9; 1.7; 1.2; 1.3; 1.4000000000000001; 
Atlas Sentinel; xl; par; 11568815; 0; 8; 2; 156000; 1199.686; 34800; 3; 299.941; 1199.765; 939.937; 939.937; 939.937; 205; 10; 50; 0; ; 233064; 114.1; 28.5; 3309; 1.6; 1.2; 1.3; 1.3666666666666665; 
Atlas Vanguard; xl; par; 9640505; 0; 8; 2; 130000; 999.739; 29000; 3; 262.451; 1049.804; 899.948; 899.948; 899.948; 247; 10; 50; 0; ; 233064; 130.4; 34.2; 3781.6; 1.7; 1.2; 1.3; 1.4000000000000001; 
Balaur; s; split; 271350; 4; 0; 1; 5500; 6.473; 180; 3; 4.784; 22.946; 3.288; 3.288; 3.288; 1; 0; 0; 1; military; 703; 335.5; 248; 2683.9; 56; 52; 71.8; 59.93333333333334; 
Baldric; m; terran; 734360; 0; 2; 1; 9000; 72.561; 10700; 2; 17.028; 68.112; 20.64; 20.64; 20.64; 22; 0; 0; 2; trader; 5405; 100.1; 23.5; 1000.7; 15.5; 14.4; 19.9; 16.599999999999998; 
Barbarossa; l; argon; 7714025; 0; 14; 1; 114000; 243.18; 21000; 4; 86.42; 345.68; 115.636; 115.636; 115.636; 126; 1; 2; 3; trader; 38844; 194.7; 69.2; 6035; 8; 5.8; 6.2; 6.666666666666667; 
Barracuda; s; boron; 245690; 3; 0; 3; 3700; 7.791; 330; 1; 2.398; 9.593; 2.361; 2.361; 2.361; 2; 0; 0; 4; military; 2556; 123.9; 38.1; 2477.1; 77.9; 72.4; 100; 83.43333333333334; 
Behemoth Sentinel; l; arg; 5641250; 2; 10; 3; 111000; 235.22; 2760; 3; 108.805; 435.22; 114.044; 114.044; 114.044; 36; 4; 40; 0; military; 116532; 116; 53.6; 3595; 8.1; 5.8; 6.3; 6.733333333333333; 
Behemoth Vanguard; l; arg; 4713125; 2; 10; 3; 93000; 196.016; 2300; 3; 99.004; 396.016; 106.203; 106.203; 106.203; 44; 4; 40; 0; military; 116532; 127.4; 64.4; 3950.9; 8.7; 6.3; 6.8; 7.266666666666667; 
Boa; m; split; 373740; 0; 2; 1; 7400; 56.286; 7500; 2; 8.887; 35.546; 16.572; 16.572; 16.572; 20; 0; 0; 1; trader; 4375; 304.5; 48.1; 1522.4; 19.3; 17.9; 24.8; 20.666666666666668; 
Bolo (Gas); m; terran; 388740; 0; 2; 1; 5000; 37.781; 10000; 2; 6.898; 39.419; 11.945; 11.945; 11.945; 7; 0; 0; 2; miner; 5405; 247; 45.1; 2470.3; 26.8; 24.9; 34.4; 28.7; 
Bolo (Mineral); m; terran; 388740; 1; 2; 1; 5000; 37.781; 8800; 2; 6.898; 39.419; 11.945; 11.945; 11.945; 7; 0; 0; 2; miner; 5405; 247; 45.1; 2470.3; 26.8; 24.9; 34.4; 28.7; 
Buffalo; l; split; 2938525; 0; 9; 1; 37000; 286.597; 16000; 3; 79.072; 316.288; 124.319; 124.319; 124.319; 59; 1; 40; 1; trader; 33018; 215.4; 59.4; 2585.1; 7.4; 5.4; 5.8; 6.2; 
Buzzard Sentinel; s; tel; 190320; 3; 0; 2; 5000; 10.437; 360; 2; 5.707; 25.472; 4.199; 4.199; 4.199; 2; 0; 0; 0; military; 1820; 134.6; 73.6; 1884; 43.8; 40.7; 56.2; 46.9; 
Buzzard Vanguard; s; tel; 157850; 3; 0; 2; 4100; 8.698; 300; 2; 5.312; 22.601; 3.656; 3.656; 3.656; 3; 0; 0; 0; military; 1820; 144.6; 88.3; 2024.1; 50.3; 46.8; 64.6; 53.9; 
Callisto Sentinel; s; arg; 98455; 2; 0; 1; 2500; 19.472; 1236; 2; 5.604; 24.722; 7.023; 7.023; 7.023; 2; 0; 0; 0; trader; 827; 141.3; 40.7; 1978.6; 26.2; 24.3; 33.6; 28.03333333333333; 
Callisto Vanguard; s; arg; 80050; 2; 0; 1; 2100; 16.227; 1030; 2; 5.158; 21.477; 6.008; 6.008; 6.008; 3; 0; 0; 0; trader; 827; 153.5; 48.8; 2149.7; 30.6; 28.5; 39.3; 32.800000000000004; 
Cerberus Sentinel; m; arg; 1145000; 2; 4; 3; 20000; 41.318; 2112; 2; 10.584; 29.636; 8.981; 8.981; 8.981; 11; 1; 1; 0; military; 15441; 189.3; 48.5; 1704.1; 35.6; 33.1; 45.7; 38.13333333333333; 
Cerberus Vanguard; m; arg; 963665; 2; 4; 3; 17000; 34.432; 1760; 2; 9.164; 25.659; 7.776; 7.776; 7.776; 14; 1; 1; 0; military; 15441; 218.7; 58.2; 1968.1; 41.1; 38.2; 52.8; 44.03333333333334; 
Chimera; s; split; 338625; 5; 0; 1; 6100; 9.056; 200; 4; 6.34; 35.14; 4.096; 4.096; 4.096; 2; 0; 0; 1; military; 703; 337.5; 236.3; 2700.3; 44.9; 41.7; 57.6; 48.06666666666666; 
Chthonios (Gas) Sentinel; l; par; 1395770; 0; 6; 1; 28000; 217.132; 38400; 3; 54.749; 312.849; 145.168; 145.168; 145.168; 33; 2; 40; 0; ; 34960; 237.4; 59.9; 6883.9; 6.3; 4.6; 4.9; 5.266666666666667; 
Chthonios (Gas) Vanguard; l; par; 1154890; 0; 6; 1; 23000; 180.944; 32000; 3; 49.999; 285.708; 132.14; 132.14; 132.14; 40; 2; 40; 0; ; 34960; 259.9; 71.8; 7537.8; 7; 5; 5.4; 5.8; 
Chthonios (Mineral) Sentinel; l; par; 1395770; 0; 7; 1; 28000; 217.132; 38400; 3; 54.749; 312.849; 145.168; 145.168; 145.168; 33; 2; 40; 0; ; 34960; 237.4; 59.9; 6883.9; 6.3; 4.6; 4.9; 5.266666666666667; 
Chthonios (Mineral) Vanguard; l; par; 1154890; 0; 7; 1; 23000; 180.944; 32000; 3; 49.999; 285.708; 132.14; 132.14; 132.14; 40; 2; 40; 0; ; 34960; 259.9; 71.8; 7537.8; 7; 5; 5.4; 5.8; 
Chthonios E (Gas); l; par; 1591620; 0; 6; 1; 29000; 219.541; 35200; 3; 55.065; 314.656; 110.908; 110.908; 110.908; 41; 2; 4; 0; miner; 34960; 236; 59.2; 6844.3; 8.3; 6; 6.5; 6.933333333333334; 
Chthonios E (Mineral); l; par; 1591625; 0; 7; 1; 29000; 219.541; 34960; 3; 55.065; 314.655; 110.908; 110.908; 110.908; 41; 2; 4; 0; miner; 34960; 236; 59.2; 6844.3; 8.3; 6; 6.5; 6.933333333333334; 
Cobra; m; split; 2172540; 3; 4; 2; 32000; 38.045; 1290; 3; 8.588; 24.046; 11.351; 11.351; 11.351; 25; 1; 1; 1; military; 8750; 472.6; 106.7; 2363.2; 28.2; 26.2; 36.2; 30.2; 
Colossus Sentinel; xl; arg; 12102675; 0; 17; 3; 259000; 659.043; 22800; 2; 211.809; 847.234; 831.809; 831.809; 831.809; 102; 12; 50; 0; military; 388443; 104.6; 33.6; 3242.1; 1.9; 1.3; 1.4; 1.5333333333333332; 
Colossus Vanguard; xl; arg; 10090050; 0; 17; 3; 216000; 549.202; 19000; 2; 189.84; 759.362; 809.84; 809.84; 809.84; 123; 12; 50; 0; military; 388443; 116.7; 40.3; 3617.3; 1.9; 1.4; 1.5; 1.5999999999999999; 
Condor Sentinel; xl; tel; 13409595; 0; 13; 2; 287000; 730.078; 33600; 3; 310.771; 1243.086; 846.016; 846.016; 846.016; 112; 9; 50; 0; military; 284858; 103.7; 44.1; 3215.2; 1.8; 1.3; 1.4; 1.5; 
Condor Vanguard; xl; tel; 11170550; 0; 13; 2; 239000; 608.398; 28000; 3; 277.309; 1109.238; 821.68; 821.68; 821.68; 135; 9; 50; 0; military; 284858; 116.2; 53; 3603.2; 1.9; 1.4; 1.5; 1.5999999999999999; 
Cormorant Vanguard; m; tel; 418830; 1; 2; 2; 10000; 65.536; 7900; 2; 17.137; 68.549; 25.493; 25.493; 25.493; 17; 0; 0; 0; trader; 11324; 113.4; 29.7; 1020.9; 12.6; 11.7; 16.1; 13.466666666666667; 
Courier (Mineral); s; arg; 83265; 1; 0; 1; 1200; 9.532; 2600; 3; 4.478; 23.617; 7.371; 7.371; 7.371; 3; 0; 0; 0; miner; 827; 265.3; 124.6; 3714.2; 25; 23.2; 32; 26.733333333333334; 
Courier Sentinel; s; arg; 185980; 1; 0; 1; 2600; 20.588; 2352; 3; 5.998; 27.588; 7.371; 7.371; 7.371; 4; 0; 0; 0; trader; 827; 198.1; 57.7; 2772.9; 25; 23.2; 32; 26.733333333333334; 
Courier Vanguard; s; arg; 155760; 1; 0; 1; 2200; 17.157; 1960; 3; 5.526; 24.157; 6.299; 6.299; 6.299; 5; 0; 0; 0; trader; 827; 215; 69.2; 3009.8; 29.2; 27.1; 37.5; 31.266666666666666; 
Crane (Gas) Sentinel; l; tel; 1804390; 0; 6; 3; 36000; 282.023; 52800; 3; 92.789; 530.225; 168.528; 168.528; 168.528; 43; 2; 40; 0; miner; 128187; 131.9; 43.4; 4089.3; 5.5; 4; 4.3; 4.6000000000000005; 
Crane (Gas) Vanguard; l; tel; 1503310; 0; 6; 3; 30000; 235.019; 44000; 3; 83.741; 478.521; 151.607; 151.607; 151.607; 52; 2; 40; 0; miner; 128187; 146.2; 52.1; 4531.1; 6.1; 4.4; 4.7; 5.066666666666666; 
Crane (Mineral) Sentinel; l; tel; 1804390; 0; 9; 3; 36000; 282.023; 57600; 3; 92.789; 530.225; 168.528; 168.528; 168.528; 43; 2; 40; 0; miner; 128187; 131.9; 43.4; 4089.3; 5.5; 4; 4.3; 4.6000000000000005; 
Crane (Mineral) Vanguard; l; tel; 1503310; 0; 9; 3; 30000; 235.019; 48000; 3; 83.741; 478.521; 151.607; 151.607; 151.607; 52; 2; 40; 0; miner; 128187; 146.2; 52.1; 4531.1; 6.1; 4.4; 4.7; 5.066666666666666; 
Defence Drone; s; gen; 0; 1; 0; 1; 1200; 7.365; 0; 1; 3.969; 12.365; 3.239; 3.239; 3.239; 0; 0; 0; 0; ; 827; 99.8; 53.8; 1396.8; 56.8; 52.8; 72.9; 60.833333333333336; 
Demeter Sentinel; m; par; 229050; 0; 1; 1; 7000; 53.77; 9480; 1; 6.576; 26.305; 15.942; 15.942; 15.942; 15; 0; 0; 0; trader; 4632; 156.9; 19.2; 1255.5; 20.1; 18.7; 25.7; 21.5; 
Demeter Vanguard; m; par; 176650; 0; 1; 1; 5000; 44.808; 7900; 1; 5.652; 22.608; 13.702; 13.702; 13.702; 19; 0; 0; 0; trader; 4632; 182.6; 23; 1460.7; 23.3; 21.7; 29.9; 24.96666666666667; 
Discoverer Sentinel; s; arg; 105930; 2; 0; 1; 1700; 7.611; 648; 2; 3.509; 9.486; 3.785; 3.785; 3.785; 1; 0; 0; 0; military; 827; 225.7; 104.1; 3159.9; 48.6; 45.2; 62.4; 52.06666666666667; 
Discoverer Vanguard; s; arg; 87605; 2; 0; 1; 1400; 6.343; 540; 2; 3.335; 8.218; 3.388; 3.388; 3.388; 2; 0; 0; 0; military; 827; 237.5; 124.9; 3324.7; 54.3; 50.5; 69.7; 58.166666666666664; 
Dolphin; m; boron; 255620; 0; 1; 2; 9000; 59.553; 9200; 3; 19.127; 76.508; 17.388; 17.388; 17.388; 21; 0; 0; 4; trader; 10394; 117.8; 37.8; 1531.3; 18.4; 17.1; 23.6; 19.7; 
Donia; l; argon; 1564470; 0; 8; 1; 26000; 168.244; 34000; 2; 33.51; 191.487; 100.649; 100.649; 100.649; 31; 2; 4; 3; miner; 38844; 251; 50; 7781.9; 9.1; 6.6; 7.1; 7.599999999999999; 
Dragon; m; split; 1243415; 6; 2; 1; 17000; 23.476; 450; 1; 2.992; 11.968; 11.298; 11.298; 11.298; 6; 0; 0; 1; military; 4375; 452.2; 57.6; 2261; 28.3; 26.3; 36.3; 30.3; 
Dragon Raider; m; split; 739265; 6; 2; 1; 8000; 17.607; 340; 1; 2.467; 9.87; 9.317; 9.317; 9.317; 5; 0; 0; 1; ; 4375; 548.4; 76.8; 2742.2; 34.3; 31.9; 44; 36.73333333333333; 
Drill (Mineral) Sentinel; m; arg; 155915; 1; 2; 1; 5000; 36.351; 11760; 1; 4.461; 25.493; 20.017; 20.017; 20.017; 7; 0; 0; 0; miner; 5147; 224.6; 27.6; 2021.5; 16; 14.9; 20.5; 17.133333333333333; 
Drill (Mineral) Vanguard; m; arg; 131965; 1; 2; 1; 4000; 32.438; 9800; 1; 4.085; 23.341; 17.097; 17.097; 17.097; 9; 0; 0; 0; miner; 5147; 245.3; 30.9; 2207.6; 18.7; 17.4; 24; 20.03333333333333; 
Eclipse Vanguard; s; arg; 169745; 4; 0; 2; 4000; 8.406; 320; 2; 4.97; 20.108; 3.564; 3.564; 3.564; 3; 0; 0; 0; military; 1654; 159.4; 94.2; 2231; 51.6; 48; 66.2; 55.26666666666667; 
Elephant; xl; split; 12022990; 0; 8; 2; 181000; 1151.849; 50; 1; 151.305; 605.221; 930.37; 930.37; 930.37; 182; 2; 50; 1; builder; 220116; 98.8; 13; 1185.9; 1.7; 1.2; 1.3; 1.4000000000000001; 
Elite Sentinel; s; arg; 92990; 1; 0; 1; 2200; 4.526; 180; 1; 2.382; 9.526; 2.821; 2.821; 2.821; 1; 0; 0; 0; military; 827; 166.2; 87.5; 2327.5; 65.2; 60.6; 83.7; 69.83333333333333; 
Elite Vanguard; s; arg; 76755; 1; 0; 1; 1800; 3.772; 150; 1; 2.193; 8.772; 2.585; 2.585; 2.585; 2; 0; 0; 0; military; 827; 180.6; 105; 2528; 71.2; 66.2; 91.3; 76.23333333333333; 
Erlking; xl; argon; 14920415; 1; 22; 1; 500000; 295.441; 56000; 3; 173.86; 695.441; 683.179; 683.179; 683.179; 328; 0; 6; 3; ; 129481; 191.1; 112.5; 5924.7; 2.3; 1.6; 1.8; 1.9000000000000001; 
Falcon Sentinel; s; tel; 195705; 2; 0; 2; 4600; 9.709; 408; 2; 4.334; 15.484; 3.574; 3.574; 3.574; 2; 0; 0; 0; military; 1820; 177.2; 79.1; 2480.8; 51.5; 47.8; 66; 55.1; 
Falcon Vanguard; s; tel; 164360; 2; 0; 2; 3900; 8.091; 340; 2; 4.111; 13.866; 3.119; 3.119; 3.119; 3; 0; 0; 0; military; 1820; 186.8; 94.9; 2615.4; 59; 54.8; 75.7; 63.166666666666664; 
Falx; m; terran; 2813860; 4; 2; 2; 20000; 42.29; 1500; 6; 25.165; 70.461; 9.151; 9.151; 9.151; 23; 1; 1; 2; military; 10810; 203.1; 120.9; 2031.4; 35; 32.5; 44.8; 37.43333333333333; 
Forager; s; khaak; 0; 1; 0; 1; 600; 2.5; 0; 1; 1; 17; 1; 2; 2; 0; 0; 0; 0; military; 745; 396; 158.4; 5544; 92; 171; 118; 127; 
Frog; s; terran; 299630; 0; 0; 1; 1700; 13.454; 4120; 1; 4.643; 16.954; 5.142; 5.142; 5.142; 3; 0; 0; 2; trader; 869; 72.6; 25; 1088.7; 35.8; 33.3; 45.9; 38.333333333333336; 
Gannascus; xl; arg; 11470775; 0; 8; 2; 115000; 885.723; 50; 2; 257.145; 1028.579; 877.145; 877.145; 877.145; 219; 2; 50; 3; builder; 258962; 86.1; 25; 2670.5; 1.8; 1.3; 1.4; 1.5; 
Gladius; s; terran; 470800; 4; 0; 2; 4400; 9.477; 360; 2; 5.298; 21.715; 3.899; 3.899; 3.899; 2; 0; 0; 2; military; 1738; 127.2; 71.1; 1908.3; 47.2; 43.9; 60.5; 50.53333333333333; 
Gorgon Sentinel; m; par; 1323040; 2; 4; 3; 23000; 48.014; 1956; 3; 11.965; 33.503; 10.152; 10.152; 10.152; 13; 1; 1; 0; military; 13896; 258.8; 64.5; 2070; 31.5; 29.3; 40.4; 33.73333333333333; 
Gorgon Vanguard; m; par; 1098300; 2; 4; 3; 19000; 40.012; 1630; 3; 10.315; 28.882; 8.752; 8.752; 8.752; 16; 1; 1; 0; military; 13896; 300.1; 77.4; 2401.2; 36.6; 34; 46.9; 39.166666666666664; 
Grouper (Mineral); s; boron; 83723; 1; 0; 1; 4000; 8.688; 2560; 2; 4.457; 19.912; 3.653; 3.653; 3.653; 2; 0; 0; 4; miner; 852; 133.3; 68.4; 2665.5; 50.4; 46.8; 64.6; 53.93333333333333; 
Guillemot Sentinel; s; tel; 166530; 1; 0; 1; 2700; 11.879; 1152; 4; 7.354; 35.741; 5.118; 5.118; 5.118; 2; 0; 0; 0; military; 910; 208.9; 129.3; 2924.1; 36; 33.4; 46.1; 38.5; 
Guillemot Vanguard; s; tel; 139525; 1; 0; 1; 2300; 9.899; 960; 4; 6.543; 31.548; 4.5; 4.5; 4.5; 3; 0; 0; 0; military; 910; 234.8; 155.2; 3286.6; 40.9; 38; 52.4; 43.76666666666667; 
Guppy; l; boron; 6513220; 0; 16; 4; 117000; 341.545; 8000; 7; 141.833; 540.317; 112.976; 112.976; 112.976; 60; 0; 8; 4; military; 160180; 207.6; 86.2; 6435; 8.1; 5.9; 6.3; 6.766666666666667; 
Helios E; l; par; 3470000; 0; 7; 1; 55000; 420.618; 25500; 3; 116.366; 465.464; 151.124; 151.124; 151.124; 96; 1; 2; 0; trader; 34960; 111.7; 30.9; 3238.8; 6.1; 4.4; 4.7; 5.066666666666666; 
Helios Sentinel; l; par; 2410810; 0; 7; 1; 45000; 345.45; 25200; 3; 102.272; 409.087; 136.09; 136.09; 136.09; 59; 1; 40; 0; ; 34960; 127.1; 37.6; 3685.1; 6.8; 4.9; 5.3; 5.666666666666667; 
Helios Vanguard; l; par; 1995760; 0; 7; 1; 37000; 287.875; 21000; 3; 91.477; 365.906; 124.575; 124.575; 124.575; 71; 1; 40; 0; ; 34960; 142.1; 45.1; 4120; 7.4; 5.4; 5.8; 6.2; 
Heracles Sentinel; xl; arg; 10948470; 0; 8; 2; 138000; 1062.868; 50; 2; 292.574; 1170.294; 912.574; 912.574; 912.574; 182; 2; 50; 0; builder; 258962; 75.7; 20.8; 2347.1; 1.7; 1.2; 1.3; 1.4000000000000001; 
Heracles Vanguard; xl; arg; 9123765; 0; 8; 2; 115000; 885.723; 50; 2; 257.145; 1028.579; 877.145; 877.145; 877.145; 219; 2; 50; 0; builder; 258962; 86.1; 25; 2670.5; 1.8; 1.3; 1.4; 1.5; 
Hermes Sentinel; m; par; 229050; 0; 1; 1; 6000; 48.393; 8520; 1; 6.022; 24.087; 14.598; 14.598; 14.598; 16; 0; 0; 0; trader; 4632; 171.4; 21.3; 1371; 21.9; 20.4; 28.1; 23.46666666666667; 
Hermes Vanguard; m; par; 176650; 0; 1; 1; 5000; 40.327; 7100; 1; 5.19; 20.76; 12.582; 12.582; 12.582; 20; 0; 0; 0; trader; 4632; 198.8; 25.6; 1590.8; 25.4; 23.6; 32.6; 27.2; 
Heron Sentinel; l; tel; 2908725; 0; 6; 3; 57000; 441; 46000; 3; 176.275; 705.1; 155.2; 155.2; 155.2; 84; 2; 40; 0; trader; 128187; 69.4; 27.8; 2152.5; 5.9; 4.3; 4.6; 4.933333333333333; 
Heron Vanguard; l; tel; 2436610; 0; 6; 3; 48000; 367.5; 36800; 3; 156.062; 624.25; 140.5; 140.5; 140.5; 101; 2; 40; 0; trader; 128187; 78.4; 33.3; 2431.3; 6.5; 4.7; 5.1; 5.433333333333333; 
Hive Guard; m; khaak; 0; 1; 0; 1; 3000; 12; 0; 1; 2.5; 30; 7; 6; 6; 0; 0; 0; 0; military; 4632; 400.8; 83.5; 3607.2; 53.3; 42.5; 68.4; 54.73333333333333; 
Hokkaido (Gas); l; terran; 2854250; 0; 8; 1; 24000; 105.855; 38000; 1; 32.115; 183.513; 102.991; 102.991; 102.991; 33; 2; 40; 2; miner; 40786; 111.3; 33.8; 3673.5; 8.9; 6.5; 7; 7.466666666666666; 
Hokkaido (Mineral); l; terran; 2854250; 0; 9; 1; 24000; 105.855; 38000; 1; 32.115; 183.513; 102.991; 102.991; 102.991; 33; 2; 40; 2; miner; 40786; 111.3; 33.8; 3673.5; 8.9; 6.5; 7; 7.466666666666666; 
Honshu; xl; terran; 26263870; 0; 14; 1; 157000; 1199.838; 43000; 1; 239.976; 959.903; 939.968; 939.968; 939.968; 123; 10; 50; 2; resupplier; 135955; 39.2; 7.8; 1294.7; 1.6; 1.2; 1.3; 1.3666666666666665; 
Hydra; m; boron; 638546; 4; 3; 3; 7900; 23.782; 400; 3; 6.968; 27.87; 7.601; 7.601; 7.601; 6; 0; 0; 4; military; 15591; 323.3; 94.7; 4203.4; 42.1; 39.1; 54; 45.06666666666666; 
Hydra Regal; m; boron; 676764; 4; 3; 3; 8100; 24.216; 400; 3; 6.704; 26.817; 7.699; 7.699; 7.699; 6; 0; 0; 4; ; 15591; 336.1; 93; 4368.9; 41.6; 38.6; 53.3; 44.5; 
I; xl; xen; 5059920; 0; 40; 5; 340000; 876.951; 0; 2; 255.39; 1021.561; 787.851; 787.851; 787.851; 0; 0; 0; 0; military; 615035; 86.7; 25.3; 2168.4; 2; 1.4; 1.5; 1.6333333333333335; 
Ides Sentinel; m; arg; 208235; 0; 2; 1; 6000; 46.403; 8880; 1; 7.755; 31.022; 14.101; 14.101; 14.101; 15; 0; 0; 0; trader; 5147; 129.2; 21.6; 1162.9; 22.7; 21.1; 29.1; 24.3; 
Ides Vanguard; m; arg; 173355; 0; 2; 1; 5000; 38.67; 7400; 1; 6.692; 26.768; 12.167; 12.167; 12.167; 19; 0; 0; 0; trader; 5147; 149.7; 25.9; 1347.6; 26.3; 24.4; 33.7; 28.133333333333336; 
Incarcatura Sentinel; l; arg; 4999085; 0; 7; 2; 93000; 718.559; 54000; 2; 183.712; 734.847; 210.712; 210.712; 210.712; 172; 2; 40; 0; trader; 77688; 45.8; 11.7; 1419.5; 4.4; 3.2; 3.4; 3.6666666666666665; 
Incarcatura Vanguard; l; arg; 3096880; 0; 7; 2; 78000; 598.799; 45000; 2; 159.76; 639.04; 186.76; 186.76; 186.76; 207; 2; 40; 0; trader; 77688; 52.7; 14; 1632.3; 4.9; 3.6; 3.8; 4.1000000000000005; 
Irukandji; s; boron; 119702; 1; 0; 1; 2600; 5.582; 530; 3; 2.245; 8.98; 1.69; 1.69; 1.69; 1; 0; 0; 4; military; 852; 396.9; 159.6; 7937.6; 108.9; 101.2; 139.6; 116.56666666666668; 
Jaguar; s; split; 146365; 1; 0; 1; 2000; 5.147; 380; 1; 1.49; 5.959; 3.015; 3.015; 3.015; 1; 0; 0; 1; military; 703; 359.1; 103.9; 2872.5; 61; 56.7; 78.3; 65.33333333333333; 
Jian; m; terran; 2057600; 1; 6; 2; 13000; 34.134; 950; 2; 9.103; 36.411; 11.034; 11.034; 11.034; 8; 0; 0; 2; military; 10810; 187.2; 49.9; 1871.9; 29; 26.9; 37.2; 31.03333333333333; 
K; xl; xen; 2432440; 0; 13; 2; 165000; 421.625; 0; 2; 164.325; 657.3; 705.892; 705.892; 705.892; 0; 0; 0; 0; military; 246014; 134.8; 52.5; 3370.2; 2.2; 1.6; 1.7; 1.8333333333333333; 
Kalis; s; terran; 342750; 2; 0; 4; 3300; 7.118; 180; 2; 4.811; 18.178; 3.162; 3.162; 3.162; 2; 0; 0; 2; military; 3476; 140.1; 94.7; 2101.4; 58.2; 54.1; 74.6; 62.300000000000004; 
Katana; m; terran; 1763540; 4; 2; 2; 11000; 29.28; 560; 2; 4.051; 16.203; 10.311; 10.311; 10.311; 6; 0; 0; 2; military; 10810; 420.6; 58.2; 4206.4; 31; 28.8; 39.8; 33.199999999999996; 
Kestrel Sentinel; s; tel; 110350; 1; 0; 1; 3100; 7.931; 912; 2; 3.579; 9.993; 3.885; 3.885; 3.885; 2; 0; 0; 0; military; 910; 214.6; 96.8; 3004.2; 47.4; 44; 60.7; 50.70000000000001; 
Kestrel Vanguard; s; tel; 91945; 1; 0; 1; 2500; 6.609; 760; 2; 3.397; 8.672; 3.472; 3.472; 3.472; 3; 0; 0; 0; military; 910; 226.1; 116.2; 3165.1; 53; 49.3; 68; 56.76666666666667; 
Kopis (Mineral); s; terran; 171090; 1; 0; 1; 1000; 7.475; 5480; 1; 3.821; 15.678; 3.273; 3.273; 3.273; 2; 0; 0; 2; miner; 869; 88.2; 45.1; 1323; 56.2; 52.2; 72.1; 60.166666666666664; 
Kukri; s; terran; 385380; 3; 0; 1; 3700; 7.843; 140; 1; 2.273; 9.093; 3.05; 3.05; 3.05; 2; 0; 0; 2; military; 869; 148.3; 43; 2223.9; 60.3; 56.1; 77.4; 64.60000000000001; 
Kuraokami; m; yak; 984025; 5; 2; 2; 10000; 16.76; 1100; 1; 2.76; 11.039; 9.032; 9.032; 9.032; 9; 0; 0; 2; military; 10294; 363; 59.8; 3267.4; 35.4; 32.9; 45.4; 37.9; 
Kyd; s; argon; 53080; 2; 0; 1; 3000; 6.846; 650; 2; 3.951; 10.258; 3.405; 3.405; 3.405; 2; 0; 0; 3; military; 827; 200.5; 115.7; 2806.4; 54; 50.2; 69.3; 57.833333333333336; 
Kyushu; xl; ter; 21146490; 0; 8; 2; 153000; 1170.425; 50; 1; 235.564; 942.255; 934.085; 934.085; 934.085; 219; 2; 50; 2; builder; 271910; 40; 8; 1318.9; 1.7; 1.2; 1.3; 1.4000000000000001; 
Lux; s; argon; 175140; 2; 0; 1; 2600; 5.82; 500; 3; 3.967; 10.37; 3.084; 3.084; 3.084; 1; 0; 0; 3; military; 827; 299.5; 204.1; 4192.6; 59.7; 55.4; 76.5; 63.86666666666667; 
M; s; xen; 39840; 2; 0; 1; 2900; 7.622; 0; 4; 6.544; 31.556; 3.32; 3.32; 3.32; 0; 0; 0; 0; military; 786; 242.1; 207.8; 3388.8; 55.4; 51.5; 71.1; 59.333333333333336; 
Magnetar (Gas) Sentinel; l; arg; 1589310; 0; 6; 2; 32000; 246.324; 50400; 2; 62.485; 357.059; 155.677; 155.677; 155.677; 38; 3; 40; 0; miner; 77688; 134.6; 34.2; 4173.4; 5.9; 4.3; 4.6; 4.933333333333333; 
Magnetar (Gas) Vanguard; l; arg; 1307600; 0; 6; 2; 26000; 205.27; 42000; 2; 56.738; 324.216; 140.897; 140.897; 140.897; 46; 3; 40; 0; miner; 77688; 148.3; 41; 4596.1; 6.5; 4.7; 5.1; 5.433333333333333; 
Magnetar (Mineral) Sentinel; l; arg; 1586095; 0; 7; 2; 32000; 245.094; 50400; 2; 62.313; 356.076; 155.234; 155.234; 155.234; 38; 3; 40; 0; miner; 77688; 135; 34.3; 4184.9; 5.9; 4.3; 4.6; 4.933333333333333; 
Magnetar (Mineral) Vanguard; l; arg; 1304385; 0; 7; 2; 26000; 204.245; 40000; 2; 56.594; 323.396; 140.528; 140.528; 140.528; 46; 3; 40; 0; miner; 77688; 148.6; 41.2; 4607.8; 6.5; 4.7; 5.1; 5.433333333333333; 
Magpie (Mineral); s; tel; 90820; 1; 0; 2; 1300; 10.259; 3500; 2; 4.409; 22.905; 6.708; 6.708; 6.708; 3; 0; 0; 0; miner; 1820; 174.2; 74.9; 2438.6; 27.4; 25.5; 35.2; 29.366666666666664; 
Magpie Sentinel; s; tel; 200045; 1; 0; 2; 2800; 22.159; 3870; 2; 6.046; 27.934; 7.862; 7.862; 7.862; 5; 0; 0; 0; trader; 1820; 127; 34.7; 1778.4; 23.4; 21.8; 30; 25.066666666666666; 
Magpie Vanguard; s; tel; 168700; 1; 0; 2; 2400; 18.466; 3096; 2; 5.538; 24.241; 6.708; 6.708; 6.708; 7; 0; 0; 0; trader; 1820; 138.7; 41.6; 1941.5; 27.4; 25.5; 35.2; 29.366666666666664; 
Mako; s; boron; 133165; 2; 0; 1; 3100; 6.672; 270; 2; 2.543; 10.172; 1.904; 1.904; 1.904; 2; 0; 0; 4; military; 852; 233.6; 89; 4671.6; 96.6; 89.8; 123.9; 103.43333333333332; 
Mamba; s; split; 194430; 2; 0; 2; 3500; 5.206; 130; 2; 3.295; 8.619; 2.893; 2.893; 2.893; 1; 0; 0; 1; military; 1406; 324.7; 205.5; 2597.9; 63.6; 59.1; 81.6; 68.10000000000001; 
Mammoth Sentinel; xl; arg; 10948470; 0; 8; 2; 138000; 1062.868; 50; 2; 292.574; 1170.294; 912.574; 912.574; 912.574; 182; 2; 50; 0; builder; 258962; 75.7; 20.8; 2347.1; 1.7; 1.2; 1.3; 1.4000000000000001; 
Mammoth Vanguard; xl; arg; 9123765; 0; 8; 2; 115000; 885.723; 50; 2; 257.145; 1028.579; 877.145; 877.145; 877.145; 219; 2; 50; 0; builder; 258962; 86.1; 25; 2670.5; 1.8; 1.3; 1.4; 1.5; 
Manorina (Gas) Sentinel; m; tel; 143940; 0; 2; 2; 4500; 34.47; 12960; 1; 4.708; 26.904; 18.011; 18.011; 18.011; 7; 0; 0; 0; miner; 11324; 206.5; 28.2; 1858.1; 17.8; 16.5; 22.8; 19.03333333333333; 
Manorina (Gas) Vanguard; m; tel; 118865; 0; 2; 2; 3700; 28.725; 10800; 1; 4.1; 23.429; 15.426; 15.426; 15.426; 9; 0; 0; 0; miner; 11324; 237.1; 33.8; 2133.7; 20.7; 19.3; 26.6; 22.2; 
Manorina (Mineral) Sentinel; m; tel; 143940; 1; 2; 2; 4500; 34.47; 12000; 1; 4.708; 26.904; 18.011; 18.011; 18.011; 8; 0; 0; 0; miner; 11324; 206.5; 28.2; 1858.1; 17.8; 16.5; 22.8; 19.03333333333333; 
Manorina (Mineral) Vanguard; m; tel; 118865; 1; 2; 2; 3700; 28.725; 10000; 1; 4.1; 23.429; 15.426; 15.426; 15.426; 10; 0; 0; 0; miner; 11324; 237.1; 33.8; 2133.7; 20.7; 19.3; 26.6; 22.2; 
Manticore; m; argon; 402755; 0; 3; 1; 8000; 63.562; 1360; 5; 30.344; 121.377; 18.39; 18.39; 18.39; 7; 0; 0; 0; tug; 5147; 165.1; 78.8; 1486; 17.4; 16.2; 22.3; 18.63333333333333; 
Medium Drop Drone; m; gen; 46600; 0; 0; 0; 10000; 42; 0; 1; 7; 29; 13; 13; 13; 0; 0; 0; 0; ; 0; 143.1; 23.9; 1288.3; 24.6; 22.9; 31.6; 26.366666666666664; 
Medium Terraforming Drone; m; gen; 46600; 0; 0; 0; 10000; 42; 0; 1; 7; 29; 13; 13; 13; 0; 0; 0; 0; ; 0; 143.1; 23.9; 1288.3; 24.6; 22.9; 31.6; 26.366666666666664; 
Mercury Sentinel; m; arg; 208235; 0; 2; 1; 6000; 51.559; 9840; 1; 8.464; 33.858; 15.39; 15.39; 15.39; 14; 0; 0; 0; trader; 5147; 118.4; 19.4; 1065.5; 20.8; 19.3; 26.7; 22.266666666666666; 
Mercury Vanguard; m; arg; 173355; 0; 2; 1; 5000; 42.966; 8200; 1; 7.283; 29.131; 13.242; 13.242; 13.242; 17; 0; 0; 0; trader; 5147; 137.6; 23.3; 1238.2; 24.2; 22.5; 31; 25.900000000000002; 
Minotaur Raider; m; arg; 741015; 2; 2; 2; 13000; 26.629; 2370; 1; 5.036; 20.146; 8.241; 8.241; 8.241; 15; 0; 0; 0; military; 10294; 199; 37.6; 1790.7; 38.8; 36.1; 49.8; 41.56666666666667; 
Minotaur Sentinel; m; arg; 888430; 2; 4; 2; 14000; 35.505; 1056; 1; 6.257; 25.028; 11.376; 11.376; 11.376; 7; 0; 0; 0; military; 10294; 160.1; 28.2; 1441.3; 28.1; 26.1; 36.1; 30.100000000000005; 
Minotaur Vanguard; m; arg; 750580; 2; 4; 2; 12000; 29.587; 880; 1; 5.443; 21.773; 9.897; 9.897; 9.897; 9; 0; 0; 0; military; 10294; 184.1; 33.9; 1656.8; 32.3; 30; 41.5; 34.6; 
Mokosi Sentinel; l; arg; 3824825; 0; 7; 2; 64000; 495.78; 39600; 2; 139.156; 556.624; 166.156; 166.156; 166.156; 94; 1; 40; 0; trader; 77688; 60.5; 17; 1874; 5.5; 4; 4.3; 4.6000000000000005; 
Mokosi Vanguard; l; arg; 3182880; 0; 7; 2; 53000; 413.15; 33000; 2; 122.63; 490.52; 149.63; 149.63; 149.63; 113; 1; 40; 0; trader; 77688; 68.6; 20.4; 2126.5; 6.1; 4.5; 4.8; 5.133333333333333; 
Monitor; xl; split; 17231160; 0; 12; 1; 160000; 1245.388; 29000; 2; 213.9; 855.602; 949.078; 949.078; 949.078; 128; 10; 50; 1; resupplier; 110058; 139.8; 24; 1677.8; 1.6; 1.2; 1.3; 1.3666666666666665; 
Moreya; s; yak; 269180; 4; 0; 1; 4000; 6.484; 510; 2; 2.09; 8.359; 3.292; 3.292; 3.292; 3; 0; 0; 2; military; 827; 378.9; 122.1; 5305.3; 55.9; 51.9; 71.7; 59.833333333333336; 
N; s; xen; 34530; 2; 0; 1; 2500; 6.508; 0; 2; 4.578; 17.262; 2.971; 2.971; 2.971; 0; 0; 0; 0; military; 786; 173; 121.7; 2422; 61.9; 57.6; 79.4; 66.3; 
Nemesis Sentinel; m; par; 746320; 5; 2; 2; 12000; 29.273; 672; 1; 4.05; 16.2; 8.836; 8.836; 8.836; 6; 0; 0; 0; military; 9264; 254.8; 35.3; 2038.5; 36.2; 33.7; 46.4; 38.76666666666667; 
Nemesis Vanguard; m; par; 622295; 5; 2; 2; 10000; 24.394; 560; 1; 3.547; 14.188; 7.739; 7.739; 7.739; 8; 0; 0; 0; military; 9264; 291; 42.3; 2327.6; 41.3; 38.4; 53; 44.23333333333333; 
Nimcha; s; terran; 342750; 1; 0; 2; 3000; 7.872; 670; 2; 3.136; 6.498; 3.866; 3.866; 3.866; 2; 0; 0; 2; military; 1738; 214.9; 85.6; 3223.9; 47.6; 44.2; 61; 50.93333333333334; 
Nodan Sentinel; s; gen; 95390; 2; 0; 1; 4600; 9.736; 840; 3; 4.506; 16.736; 3.582; 3.582; 3.582; 2; 0; 0; 0; ; 827; 263.6; 122; 3691.1; 51.4; 47.7; 65.9; 55; 
Nodan Vanguard; s; gen; 77630; 2; 0; 1; 3900; 8.113; 700; 3; 4.283; 15.113; 3.126; 3.126; 3.126; 3; 0; 0; 0; ; 827; 277.4; 146.4; 3883.3; 58.9; 54.7; 75.5; 63.03333333333333; 
Nomad Sentinel; xl; arg; 10313175; 0; 8; 2; 139000; 1069.956; 34800; 2; 293.991; 1175.965; 913.991; 913.991; 913.991; 183; 4; 50; 0; resupplier; 258962; 75.3; 20.7; 2335.8; 1.7; 1.2; 1.3; 1.4000000000000001; 
Nomad Vanguard; xl; arg; 8600515; 0; 8; 2; 116000; 891.63; 29000; 2; 258.326; 1033.304; 878.326; 878.326; 878.326; 220; 4; 50; 0; resupplier; 258962; 85.8; 24.8; 2658.3; 1.8; 1.3; 1.4; 1.5; 
Nova Sentinel; s; arg; 160100; 2; 0; 1; 3800; 7.894; 288; 2; 4.012; 13.144; 3.064; 3.064; 3.064; 2; 0; 0; 0; military; 827; 197.4; 100.3; 2763.7; 60.1; 55.8; 77; 64.3; 
Nova Vanguard; s; arg; 131970; 2; 0; 1; 3100; 6.579; 240; 2; 3.831; 11.829; 2.694; 2.694; 2.694; 3; 0; 0; 0; military; 827; 206.7; 120.4; 2894.3; 68.3; 63.5; 87.6; 73.13333333333334; 
Odysseus E; l; paranid; 5191150; 2; 16; 2; 128000; 326.351; 2600; 3; 69.084; 394.763; 132.27; 132.27; 132.27; 60; 3; 6; 0; military; 69920; 188.1; 39.8; 5455.4; 7; 5; 5.4; 5.8; 
Odysseus Sentinel; l; par; 6042095; 2; 16; 2; 119000; 251.701; 2040; 3; 84.694; 338.776; 117.34; 117.34; 117.34; 39; 3; 50; 0; ; 69920; 153.4; 51.6; 4449.9; 7.8; 5.7; 6.1; 6.533333333333334; 
Odysseus Vanguard; l; par; 5030940; 2; 16; 2; 99000; 209.751; 1700; 3; 76.828; 307.313; 108.95; 108.95; 108.95; 47; 3; 50; 0; ; 69920; 169.2; 62; 4905.6; 8.4; 6.1; 6.6; 7.033333333333334; 
Okinawa; l; terran; 4472180; 0; 8; 2; 36000; 277.66; 42000; 1; 71.649; 286.596; 122.532; 122.532; 122.532; 57; 1; 40; 2; trader; 81572; 49.9; 12.9; 1646.6; 7.5; 5.4; 5.9; 6.266666666666667; 
Orca; xl; boron; 17596810; 0; 12; 3; 174000; 1569.585; 40000; 3; 344.677; 1378.709; 750.584; 750.584; 750.584; 154; 0; 20; 4; resupplier; 401298; 96.4; 21.2; 2988.5; 2.1; 1.5; 1.6; 1.7333333333333334; 
Osaka; l; terran; 11833870; 2; 13; 3; 95000; 202.028; 2800; 2; 80.406; 321.623; 107.406; 107.406; 107.406; 75; 1; 40; 2; military; 122358; 88.9; 35.4; 2934.5; 8.6; 6.2; 6.7; 7.166666666666667; 
Osprey Sentinel; m; tel; 1263720; 2; 4; 3; 39000; 82.42; 2916; 2; 20.968; 58.71; 16.173; 16.173; 16.173; 12; 1; 1; 0; military; 16986; 92.7; 23.6; 834.4; 19.8; 18.4; 25.4; 21.2; 
Osprey Vanguard; m; tel; 1044205; 2; 4; 3; 33000; 68.683; 2430; 2; 17.851; 49.983; 13.77; 13.77; 13.77; 15; 1; 1; 0; military; 16986; 108.9; 28.3; 980.1; 23.2; 21.6; 29.8; 24.866666666666664; 
P; m; xen; 78620; 2; 2; 2; 10000; 25.959; 0; 1; 4.944; 19.777; 8.99; 8.99; 8.99; 0; 0; 0; 0; military; 9780; 202.7; 38.6; 1824; 35.6; 33.1; 45.6; 38.1; 
Pegasus Sentinel; s; par; 97330; 1; 0; 1; 1600; 6.918; 528; 3; 3.446; 8.793; 3.568; 3.568; 3.568; 1; 0; 0; 0; military; 745; 355.2; 176.9; 4617.5; 51.6; 47.9; 66.1; 55.199999999999996; 
Pegasus Vanguard; s; par; 80050; 1; 0; 1; 1300; 5.765; 440; 3; 3.255; 7.64; 3.208; 3.208; 3.208; 2; 0; 0; 0; military; 745; 376; 212.3; 4888.5; 57.4; 53.3; 73.6; 61.43333333333333; 
Pelican Sentinel; l; tel; 3199035; 0; 6; 3; 63000; 482.471; 51000; 3; 187.68; 750.718; 163.494; 163.494; 163.494; 83; 2; 40; 0; trader; 128187; 65.2; 25.4; 2021.7; 5.6; 4.1; 4.4; 4.7; 
Pelican Vanguard; l; tel; 2652815; 0; 6; 3; 52000; 402.059; 40800; 3; 165.566; 662.265; 147.412; 147.412; 147.412; 100; 2; 40; 0; trader; 128187; 73.9; 30.4; 2291.8; 6.2; 4.5; 4.9; 5.2; 
Peregrine Sentinel; m; tel; 870425; 2; 4; 3; 14000; 34.121; 1020; 2; 10.01; 40.04; 11.03; 11.03; 11.03; 7; 0; 0; 0; military; 16986; 194.2; 57; 1747.9; 29; 27; 37.2; 31.066666666666666; 
Peregrine Vanguard; m; tel; 735710; 2; 4; 3; 12000; 28.434; 850; 2; 8.72; 34.879; 9.609; 9.609; 9.609; 9; 0; 0; 0; military; 16986; 222.9; 68.4; 2006.4; 33.3; 30.9; 42.7; 35.63333333333333; 
Perseus Sentinel; s; par; 188150; 2; 0; 1; 4400; 9.307; 288; 3; 4.206; 14.557; 3.461; 3.461; 3.461; 2; 0; 0; 0; military; 745; 291; 131.5; 3783.2; 53.2; 49.4; 68.2; 56.93333333333334; 
Perseus Vanguard; s; par; 156805; 2; 0; 1; 3700; 7.756; 240; 3; 3.993; 13.006; 3.025; 3.025; 3.025; 3; 0; 0; 0; military; 745; 306.5; 157.8; 3985; 60.8; 56.5; 78; 65.10000000000001; 
Phoenix Sentinel; l; tel; 6307905; 2; 11; 3; 124000; 263.299; 4440; 3; 101.926; 407.703; 119.66; 119.66; 119.66; 41; 2; 40; 0; military; 128187; 120.1; 46.5; 3722.7; 7.7; 5.6; 6; 6.433333333333334; 
Phoenix Vanguard; l; tel; 5273360; 2; 11; 3; 104000; 219.416; 3700; 3; 92.271; 369.086; 110.883; 110.883; 110.883; 50; 2; 40; 0; military; 128187; 132.7; 55.8; 4112.2; 8.3; 6; 6.5; 6.933333333333334; 
Piranha; s; boron; 102657; 1; 0; 1; 4000; 8.581; 790; 2; 2.614; 10.456; 4.088; 4.088; 4.088; 2; 0; 0; 4; military; 852; 227.2; 69.2; 4544.8; 45; 41.8; 57.7; 48.166666666666664; 
Plutus (Gas) Sentinel; m; par; 162505; 0; 2; 1; 5000; 39.553; 11520; 1; 3.577; 20.441; 20.299; 20.299; 20.299; 8; 0; 0; 0; miner; 4632; 288.5; 26.1; 2308.1; 15.8; 14.6; 20.2; 16.866666666666664; 
Plutus (Gas) Vanguard; m; par; 133010; 0; 2; 1; 4000; 32.96; 9600; 1; 3.101; 17.721; 17.332; 17.332; 17.332; 10; 0; 0; 0; miner; 4632; 332.8; 31.3; 2662.4; 18.5; 17.2; 23.7; 19.8; 
Plutus (Mineral) Sentinel; m; par; 162505; 1; 2; 1; 5000; 39.553; 11520; 1; 3.577; 20.441; 20.299; 20.299; 20.299; 8; 0; 0; 0; miner; 4632; 288.5; 26.1; 2308.1; 15.8; 14.6; 20.2; 16.866666666666664; 
Plutus (Mineral) Vanguard; m; par; 133010; 1; 2; 1; 4000; 32.961; 9000; 1; 3.101; 17.721; 17.332; 17.332; 17.332; 10; 0; 0; 0; miner; 4632; 332.8; 31.3; 2662.4; 18.5; 17.2; 23.7; 19.8; 
Porpoise (Gas); m; boron; 164592; 0; 2; 2; 8000; 31.939; 8600; 3; 8.073; 46.133; 10.485; 10.485; 10.485; 7; 0; 0; 4; miner; 10394; 279.1; 70.5; 3628; 30.5; 28.4; 39.1; 32.666666666666664; 
Porpoise (Mineral); m; boron; 172090; 1; 2; 2; 8000; 31.939; 7800; 3; 8.073; 46.133; 10.485; 10.485; 10.485; 7; 0; 0; 4; miner; 10394; 279.1; 70.5; 3628; 30.5; 28.4; 39.1; 32.666666666666664; 
Prometheus; m; paranid; 292080; 3; 3; 2; 11000; 23.192; 4000; 1; 3.423; 13.692; 7.468; 7.468; 7.468; 12; 0; 0; 0; plunderer; 9264; 301.5; 44.5; 2411.9; 42.8; 39.8; 54.9; 45.833333333333336; 
Protector; s; khaak; 0; 2; 0; 1; 800; 3; 0; 1; 1; 17; 1; 2; 2; 0; 0; 0; 0; military; 745; 396; 132; 5544; 92; 171; 118; 127; 
Pulsar Vanguard; s; argon; 113565; 6; 0; 1; 1900; 7.94; 150; 3; 5.763; 25.881; 3.419; 3.419; 3.419; 3; 0; 0; 0; military; 827; 206.1; 149.6; 2886; 53.8; 50; 69; 57.6; 
Python; xl; split; 0; 2; 26; 1; 230000; 353.74; 1000; 4; 146.979; 587.917; 693.673; 693.673; 693.673; 65; 2; 50; 1; ; 110058; 406.9; 169.1; 4883.3; 2.2; 1.6; 1.7; 1.8333333333333333; 
Quasar Vanguard; s; argon; 100545; 4; 0; 1; 1700; 6.976; 190; 2; 4.675; 17.964; 3.586; 3.586; 3.586; 3; 0; 0; 0; military; 827; 169.4; 113.5; 2371.8; 51.3; 47.7; 65.8; 54.93333333333334; 
Queens Guard; m; khaak; 0; 2; 0; 1; 4000; 16; 0; 1; 3.25; 35; 7; 6; 6; 0; 0; 0; 0; military; 4632; 308.3; 62.6; 2774.8; 53.3; 42.5; 68.4; 54.73333333333333; 
Raleigh (Condensate); s; argon; 217900; 1; 0; 1; 2200; 19.407; 250; 2; 5.679; 22.82; 7.002; 7.002; 7.002; 4; 0; 0; 3; trader; 827; 139.5; 40.8; 1952.5; 26.3; 24.4; 33.7; 28.133333333333336; 
Raleigh (Container); s; argon; 203995; 1; 0; 1; 2200; 16.876; 2080; 2; 5.331; 20.288; 6.211; 6.211; 6.211; 4; 0; 0; 3; trader; 827; 148.6; 46.9; 2079.9; 29.6; 27.5; 38; 31.7; 
Rapier; s; terran; 213800; 1; 0; 1; 1400; 5.844; 440; 1; 1.182; 4.729; 3.232; 3.232; 3.232; 2; 0; 0; 2; military; 869; 285.1; 57.7; 4276.6; 56.9; 52.9; 73; 60.93333333333334; 
Raptor; xl; split; 32605075; 0; 101; 1; 590000; 863.742; 19000; 1; 120.582; 482.329; 867.348; 867.348; 867.348; 309; 22; 130; 1; ; 110058; 124; 17.3; 1488.1; 1.8; 1.3; 1.4; 1.5; 
Rattlesnake; l; split; 12490790; 4; 18; 1; 211000; 248.855; 800; 3; 72.939; 291.756; 116.771; 116.771; 116.771; 92; 1; 40; 1; military; 33018; 233.5; 68.4; 2802.5; 7.9; 5.7; 6.1; 6.566666666666667; 
Raven; s; tel; 566090; 2; 0; 3; 6700; 30.818; 2580; 4; 8.102; 40.443; 9.511; 9.511; 9.511; 5; 0; 0; 0; raven; 2730; 189.6; 49.8; 2654.2; 19.3; 18; 24.8; 20.7; 
Ray; l; boron; 6549396; 1; 14; 4; 114000; 308.555; 2000; 4; 96.868; 369.02; 106.378; 106.378; 106.378; 54; 0; 4; 4; military; 160180; 173.7; 54.5; 5384.1; 8.6; 6.3; 6.7; 7.199999999999999; 
Rorqual (Gas); l; boron; 1381332; 0; 4; 3; 31000; 294.322; 42000; 4; 65.91; 358.692; 103.531; 103.531; 103.531; 52; 0; 2; 4; miner; 120135; 255.3; 57.2; 7913; 8.9; 6.4; 6.9; 7.400000000000001; 
Rorqual (Mineral); l; boron; 1359733; 0; 6; 3; 31000; 294.322; 40000; 4; 65.91; 358.692; 103.531; 103.531; 103.531; 52; 0; 2; 4; miner; 120135; 255.3; 57.2; 7913; 8.9; 6.4; 6.9; 7.400000000000001; 
S; m; xen; 71350; 1; 1; 2; 6000; 49.951; 9500; 1; 8.243; 32.973; 14.988; 14.988; 14.988; 0; 0; 0; 0; miner; 9780; 121.6; 20.1; 1094; 21.3; 19.8; 27.4; 22.833333333333332; 
Selene Sentinel; l; par; 2410810; 0; 7; 1; 40000; 310.905; 22800; 3; 95.795; 383.179; 129.181; 129.181; 129.181; 59; 1; 40; 0; ; 34960; 135.7; 41.8; 3934.3; 7.1; 5.2; 5.6; 5.966666666666666; 
Selene Vanguard; l; par; 1995760; 0; 7; 1; 33000; 259.087; 19000; 3; 86.079; 344.316; 118.817; 118.817; 118.817; 71; 1; 40; 0; ; 34960; 151; 50.2; 4378.4; 7.7; 5.6; 6; 6.433333333333334; 
Shark; xl; boron; 21843004; 0; 16; 5; 383000; 1149.882; 35000; 5; 332.118; 1265.21; 696.643; 696.643; 696.643; 405; 0; 72; 4; military; 668830; 166.7; 48.2; 5169.2; 2.2; 1.6; 1.7; 1.8333333333333333; 
Shih; s; argon; 274485; 4; 0; 3; 4900; 10.353; 590; 2; 4.434; 13.765; 4.501; 4.501; 4.501; 2; 0; 0; 3; military; 2481; 178.6; 76.5; 2500.7; 40.9; 38; 52.4; 43.76666666666667; 
Shuyaku Sentinel; l; arg; 5429245; 0; 9; 2; 101000; 780.498; 44400; 4; 196.1; 784.399; 223.1; 223.1; 223.1; 187; 2; 40; 0; trader; 77688; 85.8; 21.6; 2659.6; 4.1; 3; 3.2; 3.4333333333333336; 
Shuyaku Vanguard; l; arg; 4520540; 0; 9; 2; 84000; 650.415; 37000; 4; 170.083; 680.332; 197.083; 197.083; 197.083; 225; 2; 40; 0; trader; 77688; 98.9; 25.9; 3066.4; 4.7; 3.4; 3.6; 3.9; 
Small Drop Drone; s; gen; 23300; 0; 0; 0; 2200; 1; 0; 1; 5.5; 24; 6; 4; 6; 0; 0; 0; 0; ; 0; 72; 396; 1008; 46; 28.5; 39.3; 37.93333333333333; 
Small Terraforming Drone; s; gen; 23300; 0; 0; 0; 2200; 1; 0; 1; 5.5; 24; 6; 4; 6; 0; 0; 0; 0; ; 0; 72; 396; 1008; 46; 28.5; 39.3; 37.93333333333333; 
Sonra Sentinel; l; arg; 4294770; 0; 9; 2; 80000; 616.414; 34800; 4; 163.283; 653.131; 190.283; 190.283; 190.283; 148; 2; 40; 0; trader; 77688; 103; 27.3; 3194.1; 4.8; 3.5; 3.8; 4.033333333333334; 
Sonra Vanguard; l; arg; 3587240; 0; 9; 2; 67000; 513.678; 29000; 4; 142.736; 570.943; 169.736; 169.736; 169.736; 178; 2; 40; 0; trader; 77688; 117.9; 32.8; 3653.9; 5.4; 3.9; 4.2; 4.5; 
Stork Sentinel; xl; tel; 9342630; 0; 9; 2; 126000; 1076.221; 30000; 3; 369.055; 1476.221; 915.244; 915.244; 915.244; 166; 9; 50; 0; resupplier; 284858; 87.3; 29.9; 2707.4; 1.7; 1.2; 1.3; 1.4000000000000001; 
Stork Vanguard; xl; tel; 7784855; 0; 9; 2; 105000; 896.85; 25000; 3; 324.213; 1296.85; 879.37; 879.37; 879.37; 200; 9; 50; 0; resupplier; 284858; 99.4; 35.9; 3081.9; 1.8; 1.3; 1.4; 1.5; 
Sturgeon; l; boron; 4401675; 0; 14; 1; 40000; 320.723; 30000; 4; 148.778; 566.774; 108.811; 108.811; 108.811; 63; 1; 2; 4; trader; 40045; 113.1; 52.5; 3505.5; 8.5; 6.1; 6.6; 7.066666666666666; 
Sunder (Gas) Sentinel; m; arg; 161380; 0; 2; 1; 5000; 38.926; 12480; 1; 4.709; 26.909; 18.858; 18.858; 18.858; 7; 0; 0; 0; miner; 5147; 212.8; 25.7; 1915.1; 17; 15.8; 21.8; 18.2; 
Sunder (Gas) Vanguard; m; arg; 127545; 0; 2; 1; 4000; 30.292; 10400; 1; 3.878; 22.161; 16.132; 16.132; 16.132; 9; 0; 0; 0; miner; 5147; 258.4; 33.1; 2325.4; 19.8; 18.4; 25.4; 21.2; 
Syn; l; terran; 14823980; 3; 12; 3; 119000; 124.088; 2600; 1; 48.613; 194.453; 91.818; 91.818; 91.818; 187; 1; 40; 2; military; 122358; 73.5; 28.8; 2426.8; 10; 7.3; 7.8; 8.366666666666667; 
T; s; xen; 25880; 1; 0; 1; 1200; 5.363; 0; 2; 1.645; 6.582; 3.082; 3.082; 3.082; 0; 0; 0; 0; military; 786; 481.5; 147.7; 6740.4; 59.7; 55.5; 76.6; 63.93333333333334; 
Takoba; s; terran; 343160; 2; 0; 2; 3400; 7.335; 110; 3; 3.664; 9.835; 2.907; 2.907; 2.907; 2; 0; 0; 2; military; 1738; 275.9; 137.8; 4138.9; 63.3; 58.8; 81.2; 67.76666666666667; 
Tern Sentinel; m; tel; 308615; 0; 1; 2; 8000; 68.18; 13600; 1; 11.825; 47.299; 19.545; 19.545; 19.545; 16; 0; 0; 0; trader; 11324; 82.2; 14.3; 739.8; 16.4; 15.2; 21; 17.53333333333333; 
Tern Vanguard; m; tel; 266020; 0; 1; 2; 7000; 56.817; 10880; 1; 10.106; 40.424; 16.704; 16.704; 16.704; 20; 0; 0; 0; trader; 11324; 96.2; 17.1; 865.6; 19.2; 17.8; 24.6; 20.533333333333335; 
Terrapin; s; boron; 198595; 0; 0; 1; 4000; 15.639; 2230; 2; 5.253; 20.889; 5.825; 5.825; 5.825; 4; 0; 0; 4; trader; 852; 113.1; 38; 2261.6; 31.6; 29.4; 40.5; 33.833333333333336; 
Tethys (Mineral); s; par; 83265; 2; 0; 1; 1200; 9.331; 2100; 3; 4.21; 20.83; 6.186; 6.186; 6.186; 3; 0; 0; 0; miner; 745; 290.7; 131.2; 3779.6; 29.7; 27.6; 38.2; 31.833333333333332; 
Tethys Sentinel; s; par; 183810; 2; 0; 1; 2600; 20.155; 1896; 3; 5.698; 25.405; 7.236; 7.236; 7.236; 4; 0; 0; 0; trader; 745; 214.8; 60.7; 2792.6; 25.4; 23.6; 32.6; 27.2; 
Tethys Vanguard; s; par; 150295; 2; 0; 1; 2100; 16.795; 1580; 3; 5.236; 22.045; 6.186; 6.186; 6.186; 5; 0; 0; 0; trader; 745; 233.8; 72.9; 3039; 29.7; 27.6; 38.2; 31.833333333333332; 
Teuta; l; argon; 4322065; 0; 5; 1; 66000; 505.41; 7700; 4; 211.623; 846.492; 168.082; 168.082; 168.082; 145; 2; 4; 3; compactor; 38844; 79.5; 33.3; 2464.5; 5.5; 4; 4.3; 4.6000000000000005; 
Theseus Sentinel; s; par; 211940; 3; 0; 1; 5000; 10.468; 324; 2; 4.597; 17.402; 3.788; 3.788; 3.788; 2; 0; 0; 0; military; 745; 177.5; 78; 2307.6; 48.6; 45.1; 62.3; 52; 
Theseus Vanguard; s; par; 177380; 3; 0; 1; 4200; 8.723; 270; 2; 4.328; 15.439; 3.297; 3.297; 3.297; 3; 0; 0; 0; military; 745; 188.5; 93.5; 2451; 55.8; 51.9; 71.6; 59.76666666666666; 
Thresher; m; boron; 626185; 1; 8; 2; 10900; 32.713; 850; 2; 4.405; 17.619; 10.678; 10.678; 10.678; 8; 0; 0; 4; military; 10394; 341; 45.9; 4432.7; 30; 27.8; 38.4; 32.06666666666666; 
Tokyo; xl; terran; 24318750; 0; 28; 3; 213000; 542.639; 22000; 1; 141.396; 565.584; 808.528; 808.528; 808.528; 201; 19; 50; 2; military; 407865; 66.6; 17.4; 2197.3; 1.9; 1.4; 1.5; 1.5999999999999999; 
Tuatara; s; split; 0; 2; 0; 1; 2300; 17.257; 1350; 3; 5.109; 21.807; 6.33; 6.33; 6.33; 4; 0; 0; 1; ; 703; 314.2; 93; 2513.2; 29.1; 27; 37.3; 31.133333333333336; 
Tuatara (Mineral); s; split; 128200; 2; 0; 1; 1200; 9.209; 1720; 3; 4.002; 19.656; 3.815; 3.815; 3.815; 2; 0; 0; 1; miner; 703; 401; 174.3; 3208.4; 48.2; 44.8; 61.9; 51.63333333333333; 
Unknown Ship; xl; tfm; 0; 0; 0; 0; 735000; 1874.085; 0; 1; 454.817; 1819.268; 1074.817; 1074.817; 1074.817; 0; 0; 0; 0; ; 0; 24.4; 5.9; 754.9; 1.4; 1; 1.1; 1.1666666666666667; 
Veles Sentinel; l; arg; 3694780; 0; 7; 2; 69000; 529.12; 43200; 2; 145.824; 583.296; 172.824; 172.824; 172.824; 91; 1; 40; 0; trader; 77688; 57.7; 15.9; 1788.3; 5.3; 3.9; 4.2; 4.466666666666666; 
Veles Vanguard; l; arg; 3065695; 0; 7; 2; 57000; 440.933; 36000; 2; 128.187; 512.747; 155.187; 155.187; 155.187; 110; 1; 40; 0; trader; 77688; 65.6; 19.1; 2034.3; 5.9; 4.3; 4.6; 4.933333333333333; 
Viper; m; split; 0; 2; 6; 1; 25000; 35.418; 740; 2; 6.089; 24.355; 17.032; 17.032; 17.032; 8; 0; 0; 1; ; 4375; 444.4; 76.4; 2222; 18.8; 17.5; 24.1; 20.133333333333333; 
Vulture Sentinel; m; tel; 308615; 0; 1; 2; 9000; 75.756; 15100; 1; 12.971; 51.882; 21.439; 21.439; 21.439; 13; 0; 0; 0; trader; 11324; 74.9; 12.8; 674.4; 14.9; 13.9; 19.1; 15.966666666666669; 
Vulture Vanguard; m; tel; 266020; 0; 1; 2; 8000; 63.13; 12080; 1; 11.061; 44.244; 18.283; 18.283; 18.283; 16; 0; 0; 0; trader; 11324; 87.9; 15.4; 790.9; 17.5; 16.3; 22.4; 18.73333333333333; 
Walrus; xl; boron; 11954185; 0; 12; 2; 178000; 1430.356; 50; 1; 228.795; 915.178; 752.738; 752.738; 752.738; 140; 2; 4; 4; builder; 267532; 48.4; 7.7; 1500.7; 2; 1.5; 1.6; 1.7; 
Wyvern (Gas); l; split; 1610285; 0; 8; 1; 21000; 159.275; 22000; 3; 40.867; 233.528; 98.855; 98.855; 98.855; 29; 2; 40; 1; miner; 33018; 416.8; 106.9; 5001.8; 9.3; 6.7; 7.3; 7.766666666666667; 
Wyvern (Mineral); l; split; 1610285; 0; 10; 1; 21000; 159.275; 20000; 3; 40.867; 233.528; 98.855; 98.855; 98.855; 29; 2; 40; 1; miner; 33018; 416.8; 106.9; 5001.8; 9.3; 6.7; 7.3; 7.766666666666667; 
Yasur; s; ven; 255275; 4; 0; 1; 3300; 4.701; 370; 2; 1.644; 6.576; 2.924; 2.924; 2.924; 2; 0; 0; 5; ; 827; 481.8; 168.5; 6744.5; 62.9; 58.5; 80.7; 67.36666666666667; 
Yasur Mk1; s; ven; 255275; 4; 0; 1; 3300; 4.701; 370; 2; 1.644; 6.576; 2.924; 2.924; 2.924; 2; 0; 0; 5; ; 827; 481.8; 168.5; 6744.5; 62.9; 58.5; 80.7; 67.36666666666667; 
Yasur Mk2; s; ven; 255275; 4; 0; 1; 3300; 4.701; 370; 2; 1.644; 6.576; 2.924; 2.924; 2.924; 2; 0; 0; 5; ; 827; 481.8; 168.5; 6744.5; 62.9; 58.5; 80.7; 67.36666666666667; 
Yasur Mk3; s; ven; 255275; 4; 0; 1; 3300; 4.701; 370; 2; 1.644; 6.576; 2.924; 2.924; 2.924; 2; 0; 0; 5; ; 827; 481.8; 168.5; 6744.5; 62.9; 58.5; 80.7; 67.36666666666667; 
Zeus E; xl; paranid; 17540630; 0; 19; 2; 303000; 771.902; 22000; 3; 153.812; 878.927; 854.38; 854.38; 854.38; 143; 12; 24; 0; military; 233064; 222.5; 44.3; 6452.7; 1.8; 1.3; 1.4; 1.5; 
Zeus Sentinel; xl; par; 15747905; 0; 19; 2; 337000; 857.54; 24000; 3; 235.789; 943.155; 871.508; 871.508; 871.508; 132; 12; 50; 0; ; 233064; 145.1; 39.9; 4209.3; 1.8; 1.3; 1.4; 1.5; 
Zeus Vanguard; xl; par; 13127715; 0; 19; 2; 281000; 714.616; 20000; 3; 208.991; 835.962; 842.923; 842.923; 842.923; 159; 12; 50; 0; ; 233064; 163.8; 47.9; 4749; 1.8; 1.3; 1.4; 1.5; 